Word	Definition	Part of speech	Category	Example sentence	Notes
abang	older brother	noun	family		
peta	map	noun	travel		
acak	jumbled	adjective			
acara	event, program, schedule	noun			
ada	is, are, am	verb		Ada apa	Question
adalah	is, am, are	auxiliary verb			Statement
adik	younger brother	noun	family		
adil	fair	adverb	social		
aduh	ouch	interjection	health		
agama	religion	noun	social		
agar	so that, to cause	conjunction	grammar		
agar-agar	jelly	noun	food		
air	water	noun	food		
ajaib	wonderful, miraculous	adjective			
ajak	to come with	verb	social		
akan	will	verb			
akhir	last/ end	adjective			
akhir pekan	weekend	noun	time		
akhiran	suffix	noun	grammar		
akhirnya	finally	adverb			
akrab	friendly	adjective	social		
aku	I, me	pronoun			
alam	natural	adjective			
alamat	address	noun	travel		
alat-alat	tools	noun			
alis	eyebrow	noun	body		
almari	wardrobe	noun	clothing		
aman	safe	adjective	emergency		
ambil	take, pick up	verb			
anak	child	noun	family		
anak-anak	children	noun	family		
anda	you (formal)	noun	family		
aneh	strange, weird	adjective	social		
anggar	hangar	noun	travel		
anggaran	budget	noun	business		
angkat	lift	verb			
anjing	dog	noun	animals		
antara	in between	preposition			
anu	mmmm	interjection	social		
apa	what	pronoun			
apa-apa	something	noun			
apabila	if	conjunction			Formal
apakah	is, are, do	verb			Question
apalah	whatever	pronoun	social		
apapun	whatever	pronoun, conjunction			
api	fire	noun	emergency		
apotek	chemist	noun	health		
arah	direction	noun	travel		
aroma	smell	noun			
arti	meaning	noun		Apa arti kata itu	
arus	strong current	noun	nature		
asam	sour	adjective	food		
asap	smoke	noun	emergency		
asin	salty	adjective	food		
asli	original, genuine	adjective			
asuh	foster	verb			General care for children.
atas	on top, upper	preposition	travel	naik ke atas	
atau	or	conjunction	grammar		
aturan	rule	noun			
awal	beginning	noun			
awalan	prefix	prefix	grammar		
awas	watch out!	verb	social		
ayah	father	noun	family		Actual father, not an older male.
ayam	chicken	noun	animals		
ayolah	come on	verb	social		
babi	pork	noun	food		
babi hutan	boar	noun	animals		
badan	body	noun	body		
bagaimana	how	adverb		Bagaimana kalau kita pergi camping minggu depan	
bagi	for	preposition			
bagian	slice, part, region	noun		Serangan ini adalah bagian dari perlawanan mereka	
bagus	good for a thing	adjective			
bagusnya	that's good	phrase			
bahagia	happy	adjective	social		
bahaya	danger	noun	emergency		
bahkan	even	adverb			Used to accentuate something
bahu	shoulder	noun	body		
bahwa	that	conjunction	grammar		Flow on conjunction
baik	good	adjective	social		
baikkan	make it better	verb		Kita sudah baikkan	
baiklah	okay	interjection			
baju	dress, clothes	noun	clothing		
bak	tub	noun	home		
bakar	doing bbq or burn	verb	food		
balap	racing	verb			
balapan	race	noun	sport		
balik	come back	verb			
balkon	balcony	noun	home		
ban	tyre	noun	travel		
bandara	airport	noun	travel		
bangau	stork	noun	animals		
banget	very	adjective			
bangun	awake, get up, build	verb			
bangunan	building	noun			
banjir	flood	noun	nature		
bank	bank	noun	business		
bantal	pillow	noun	home		
bantu	help	verb	social		
bantuan	assistance	noun	emergency		
banyak	many	adjective			
bapak	father, older man	mr	family		
barang	items, good	noun			
barangkali	perhaps	adverb			
barat	west	noun	travel		
barat daya	southwest	noun	travel		
barat laut	northwest	noun	travel		
baru	new/ just	adjective			
basah	wet	adjective	weather		
batal	cancel	verb			
batas	limit	noun			
batu	stone	noun			
bau	scent, smell	noun			
bawa	bring	verb			
bawah	under, lower	adjective		Turun ke bawah	
bawang	onion	noun	food		
bayak sekali	a lot	adjective			
bayam	spinach	noun	food		
bayangkan	imagine	verb		Coba kamu banyangkan	
bayi	baby	noun	family		
bebek	duck	noun	animals		
beda	different	adjective			
bedanya	the difference	noun			
begitu	so, like that	adverb			As in very (so much)
bekas	trace, mark	noun		Itu mobil bekas atau baru	
belakang	behind	preposition			
belalai	trunk	noun	animals		
belas	mercy	noun	social		
beli	buy, purchase	verb	shopping		
belikan	to purchase	verb	shopping		
belok	turn	verb	travel		
belum	not yet	adverb	social		
belum masak	not yet ripe	adjective	food		
benang	wool/ cotton/ yarn	noun			
benar	correct	adjective			
benar-benar	truly	adverb			
benaran	really?				
bencana	disaster	noun	emergency		
benda	object, thing	noun			
bendera	flag	noun			
benderang	bright	adjective			
bendungan	dam	noun			
bensin	petrol	noun	travel		
berada	am at	adjective	travel		
berahkir	finished, over	adjective			
beranak	give birth	verb	animals		For animals
beranang	swimming	verb			
berangin	windy	adjective	weather		
berangkat	depart	verb	travel		
berani	brave	adjective	social		
berapa	how many	adverb	shopping		
berapa kali	how many times?	adverb			
berarti	means	verb			
berasal	originate	verb			
berat	heavy	adjective			
berbagi	various	adjective			
berbahaya	dangerous	adjective	emergency		
berbaring	lie down	verb			
berbeda	different	adjective			
berberapa	some, few	adjective			
berbicara	to speak	verb	social		
bercanda	joking, kidding	verb	social	Hanya bercanda	
berdasarkan	according	conjunction			
berdiri	stand up	verb			
bergerak	moving (active)	verb			
berguna	useful, handy	adjective			
berharap	hope	verb			
berhasil	succeed	verb			
berhenti	stop	verb	travel		
beri	give	verb	jacl		
berikut	following, next	conjunction	grammar		
berikutnya	next	adjective			
berisik	noisy	adjective			
berita	news (tv or radio)	noun	social		
berjalan	walk	verb	travel		
berjalar	study, to be	verb			
berjemur	sunbathing	verb	social		
berkata	said	verb	social		
berkenalan	aquanited	adjective	social		
berkerja	work	verb	business		
berkibar	fluttering	verb			
berkumpul	gathering, gather	noun, verb	social		
berkunjung	visit	verb	travel		
berlima	quantity of five	adjective	numbers	Saya mau meja untuk berlima	
bernama	named	adjective			
bernyanyi	sing	verb	music		
beromong	speaking, talking	verb	social	Kamu omong apa?	
berpakaian	dressing	verb	clothing		
berpamitan	say goodbye	verb	social		
berperang	warring, fighting	verb	social		
berpikir	think	verb			
bersalah	guilty	adjective	social		
bersama	together, with	adjective	social		
bersedia	willing, ready, prepared	adjective	social		
bersenang-senang	enjoying	verb	social	Saya besanang-sanang	
bersih	clean	adjective			
bertanya	ask	verb			
bertemu	meet, visit	verb	social		
berteriak	scream	verb			
bertingu	boxing	verb	sport		
berubah	change, vary	adjective			Abstract - feelings, weather
beruntung	lucky	adjective	social	Untung kamu beli susu, saya lupa	
besah	wet	adjective	weather		
besar	big, large	adjective			
besok	tomorrow	noun	time		
biar	let	verb			
biarkan saja	let whatever be				
biarlah	so be it				
biasa	normal	adjective			
biasanya	normally	adverb			
bicara	talk, speak	verb	social		
bicaraan	conversation	noun	social		
biji	piece (seed)	noun	plants		
biji-bijian	grain	noun	animals		
bila	when	adverb			Formal
bilang	said		social		
bilangan	number, numeral	noun	numbers		
binatang	animals	noun	animals		
bingung	confused	adjective		salah satu yang saya masih bingung	
bintang	star	noun			
birbir	lips	noun	body		
biru	blue	adjective	colours		
bis	bus	noun	travel		
bisa	can	adverb			
bisa dapat	can get?				
bising	noisy	adjective			
bisnis	business	noun	business		
bli	brother (balanese)	noun	social		
bmkg	Meteorologist	noun	weather		(bee emm ka gee)
bodoh	stupid	adjective			
bohong	lie	noun	social		
bokek	poor	adjective	shopping		slang
boleh	may (as in may i)	auxilary verb	social		
bosan	bored	adjective	social		
brokoli	broccoli	noun	food		
buah	fruit (for large things)				
buang	throw away, drop, dump	verb	jacl		
buat	make	verb			
buaya	crocodile	noun	animals		
bubar	disbanded	verb			
bubur	porridge	noun	food		
bugil	naked	adjective			
bukit	hill	noun	nature		
bula mata	eye lashes	noun	body		
bulan	month, moon	noun	time		
bulat	round	adjective			
bule	white person	adjective	social		
bulu	fur	noun	animals		
bumbu	seasoning	noun	food		
buncit	fat	adjective	body		
bundar	round	adjective			
bunga	flowers	noun	plants		
buntu	dead end	noun	travel		
bunuh	kill	verb			
buruk	bad	adjective			
burung	bird	noun	animals		
butir	grain (for small (and roundish) things) - include	noun	food		
cabai	chilli	noun	food		
cakap	competitent	advjective	business		
cakap-cakap	speak	verb	social		More Malaysian
cakar	claw	noun	animals		
cantik	pretty	adjective	social		
capai	reach, achieve	verb			
capek	sleepy	adjective	social		
cara	method, way	noun		bagaimana cara membuat	
cari	search	verb			(None)
cat	paint	noun			
catatan	note, records	noun	social		
cek	check	verb			
celana	shorts, pants		clothing		
celana panjang	long pants		clothing		
celana pendek	shorts		clothing		
cepat	fast		travel		
cepek	physically tired	adjective			
cerah	sunny		weather		
cerdas	intelligent	adjective			
cerita	story	noun			
cewek	girl	noun			
cinta	love	noun			
cium	kiss / smell	verb	smell		
coba	try	verb			
cocok	appropriate, suitable	adjective	(None)	(None)	(None)
cokelat	brown	adjective	colours		
contoh	example	noun			
cuaca	weather	noun	weather		
cuci	wash	verb	business		
cuka	vinegar	noun	food		
cukup	enough	adverb			
curi	steal	verb			
dada	chest	noun	body		
daerah	region	noun	travel		
daftar	list	noun			
dagang	trade	verb	shopping		
daging	meat	noun	food		
dagu	chin	noun	body		
dahi	forehead	noun	body		
dahinya	forehead	noun	body		
dalam	inside	preposition			
dalang	master (puppet)	noun	arts		
damai	peaceful	adjective			
dan	and	conjunction	grammar		
danahu	lake	noun	nature		
danau	lake	noun	nature		
dapan	front	adjective	travel		
dapat	can	verb			Formal
dapur	kitchen	noun	home		
darah	blood	noun	body		
dari	from	preposition	travel		
daripada	than (compared to) rather than (when used alone)	conjunction	grammar		
dasar	root, base 	adjective			
datang	come	verb	travel		
datanglah	come	verb			
daun	leaf	noun	nature		
daun-daun	leaves	noun	nature		
daya	power	noun			
dekat	near/ close	adjective	travel		
delapan	eight, 8	noun	numbers		
dengang	with	conjunction	grammar		
dengar	hear	verb			
depan	front, next	adjective			
derajat	degree (celcius)	noun	weather		
deras	heavy	adjective		Hujan deras	
desa	bigger village	noun	travel		
detik	seconds	noun	time		
di bawah	under	preposition			
di dapan	in front	preposition	(None)	(None)	(None)
di mana	where	adverb			
di mana-man	everywhere	noun			
di sana	there	pronoun	travel		
dia	he or she	noun	family		
diaerah	area, region	noun	travel		
diam	stationary	adjective	travel		
dibandingkan	compared to	verb			
dibatalkan	cancelled	verb	travel		
dibatung	saved	verb		Uang saya dibatung	
dibesarbesarkan	exagerated	adverb			
dicuri	stolen	adjective	emergency		
didekat	close to	adjective			
didik	educate	verb			
dihinggapi	on (only for any insects and animals that fly)	preposition			
dilakukan	done	verb			
dimakan	eaten	verb	food		
dimana	where (statement not qeuestion)	adverb			
diminta	sought	adjective			
dinding	wall	noun			
dingin	cold	adjective	weather		
dinyanyikan	sung	verb	music		
dipakai	used	adjective			
diperiksa	checked	verb			
diperpanjang	extended	verb	business	Kontrak kerjaku diperpanjang oleh boss saya	
dipilih	picked	verb			
dipimpin	lead (past tense)	verb			
diri	self	pronoun			
diri sendiri	be myself	verb	social		
dirimu sendiri	be yourself	verb	social		
dirinya sendiri	be his self, her self, their selves	verb	social		
disebabkan	caused by	verb			
disebut	is called	verb			
ditulis	written	verb			
ditutup	covered	adjective			
diulang	repeated	verb			
dokter	doctor	noun	health		
domba	lamb	noun	animals		
dorong	push	verb			
dorongan	encouragement	verb			
dudukan	seat	noun	travel		
duduklah	sit	verb			
dugaan	guess	noun			
duina	earth, world	noun	nature		
dukungan	support, endorsement	noun			
dulu	first, or long time ago	adjective	grammar		
dungu	idiot	noun			rude
dupa	insense	adjective	social		
ekor	tail (for animals)	noun	animals		
elang	eagle	noun	animals		Pronounced ehlang
elbow	siku	noun	body		
empat	four	noun	numbers		
enak	delicious	adjective	food		
enam	six	noun	numbers		
eneh	strange	adjective	social		
es	ice	noun	food		
evil	jahat	adjective	social		
eye	mata	noun	body		
feri	ferry	noun	travel		
film	film	noun			
fungsi	function	noun			
gading	tusks	noun	animals		
gairah	passion	noun			
gajah	elephant	noun	animals		
galup	dark	adjective	time		
gambar	drawing	noun	arts		
gambaran	description, picture in mind	noun	social		
gambira	happy	adjective	social		
gampang	easy	adjective			
gang	alleyway	noun	travel		
ganggu	disturb, annoy	verb	social		
ganti	change	verb			
garam	salt	noun	food		
gari kaki	toes	noun	body		
gari tengang	finger	noun	body		
garpu	fork	noun	kitchen		
gatal	itchy	adjective	health		
gatal-gatal	itchy	adjective	health		
gaun	dress	noun	clothing		
gedung	building	noun			
gelap	dark	adjective	time		
gelas	glass, cup	noun	food		
gempa	earthquake	noun	nature		
gendut	fat (whole person)	adjective	body		
gerbang	gate	noun	home		
gigi	teeth	noun	body		
gigit	bite	verb	animals		
gong-gong	barking	verb	animals		
gosok	brush, scrub	verb	bathroom		
gratis	free	adjective	shopping		
gugur	autumn (falling down leaves/ fallen soldiers etc)	verb	time		
gula	sugar	noun	food		
gulat	wrestling	verb	sport		
gunanya	the function	noun			
gunung	mountain	noun	nature		
gunung berapi	volcano	noun	nature		
gurih	tasty	adjective	food		Not sweet, not salty
gurita	octopus	noun	animals		
guru	teacher	noun	business		
habis	finished, exhausted	adjective			
hadiah	gift, present	noun	social		
hal	matter, suff	noun			
halaman	yard	noun			
hambar	plain	bland			
hamil	pregnant	advjective	family		
hampir	almost/ nearly	adjective			
handuk	towel	noun			
hangat	warm	adjective	weather		
hangus	burnt for food.	adjective	food		
hanya	only	adverb	social	Hanya bercanda	
hapus	erase, delete	verb			
harap	hope, wish	verb	social		
harapan	wish	noun			
hari	day	noun	time		
hari ini	today	noun	time		
hari ulangtahun	birthday. (ulang - repeat)	noun	social		
harum	perfume	noun			
harus	must	adverb			
hasil	result	noun			
hati	heart or liver	noun	body		
hati-hati	be careful	verb	social		
haus	thirsty	adjective	social		
henti	stop	verb	travel		
heran	wonder	verb	social	Saya heran kalau musim hujan selasai telat karena itu mulai telat	
hewan	animals	noun	animals		
hidung	nose	noun	body		
hidup	live/ on/ start	verb			
hidupkan	turn on	verb			
hijau	green	adjective	colours		
hilang	missing	adjective	emergency		
hilir	estuary	noun	boating		
hingaggap	on (only for any insects and animals that fly)	preposition			
hingga	until	preposition			
hitam	black	adjective			
hormati	respect	verb	social	Hormati orang yang lebih tua	
hp	mobile phone (ha pay)	noun			
hubungan	relationship, connection	noun	social		
hujan	wet weather rain	noun	weather		
hulu	stream	noun	boating		
huruf	letter	noun			
hutan	forest	noun	nature		
ialah	is, namely	conjunction		Used for emphasis	
ibu	mother or older woman	noun	family		
ide	idea	noun			
ikan	fish	noun	animals		
ikut	follow	verb	travel		
impian	dream, wish	noun	social		
inap	stay	verb	travel		
indah	beautiful for things.	adjective			
ingat	remember				
ingatan	memory	noun			
inilah	here it is	grammar			
irim	send	verb			
isi	pakai	with			
istimewa	special	adjective			
istirahat	rest				
istri	wife	noun	family		
itulah	it is, that is, it's, that's	verb			
iya/ ya	yes	partical			
jabatan	position, job	noun			
jadi	so	conjunction	grammar	Kamu jadi apa?	Common as the start of a sentence
jaga	protect, guard	verb	emergency		
jagung	corn	noun	food		
jahe	ginger	noun	food		
jahit	sewing	verb			
jajan	snacking	verb	food		
jalan	road	noun	travel		
jalan kaki	walk	verb	travel		
jalan kecil	small track	noun	travel		
jalan-jalan	walkaround	verb	travel		
jalur	path	noun	travel		
jam	time, hour	noun	time		
jaman	era	noun	time		
jangan	don't/ shouldn't	verb			
jantan	male	adjective			
jantung	heart	noun	body		
jarak	distance	noun	travel		
jarang	seldom, rarely	adverb	time		
jari	finger	noun	body		
jatuh	fall	verb			
jauh	far	adjective			
jawab	answer	verb	social		
jaya	victorious, triumphant	adjective			
jelak	bored	adjective			
jelas	clear	adjective			
jelek	ugly, bad	adjective			
jendela	window	noun	home		
jijik	disgusted	adjective	social		
jika	if	conjunction			
jiwa	soul	noun	spiritual		
jual	sell	verb	shopping		
judi	gamble	verb			
juga	also	conjunction	grammar		
jumat	friday	noun	time		
jumlah	amount	noun	numbers		
jumput	pick up	verb			
juta	one million	adjective	numbers		
kabar	news	noun	social		
kabelnya	wire	noun			
kabunraya	botanic gardens	noun			
kaca	glass	noun			
kaca mata	reading glasses	noun			
kadang-kadang	sometimes	adverb	time		
kaget/ terkejut	surprised	adjective			
kah	huh?				
kain	cloth	noun	clothing		
kain meja	table cloth	noun			
kaiu	wood/ timber	noun			
kakak	brother	noun	family		
kaki	foot	noun	body		
kalau	if	conjunction			
kali	times	noun			
kalian	youse	pronoun			
kalimat	sentence	noun	grammar		
kamar	room	noun	home		
kamar cuci	bathroom	noun	home		
kamar kecil	toilet	noun	home		
kamar mandi	shower	noun	home		
kamar tidur	bedroom	noun	home		
kambing	goat	noun	animals		
kami	we except you	noun	social		
kamis	thursday	noun	time		
kampong	village	noun	travel		
kamu	you (informal)	noun	social		
kanan	right	noun	travel		
kandang	cage	noun	animals		
kangkung	water spinach	noun	food		
kantor	office	noun	business		
kapal	boat	noun	travel		
kapan	when/ what time?	adverb	time		
kapan-kapan	some time	adverb	time		
kasi sayang ibu	love of mother				
kasih	give	verb			
kata	word	noun	grammar		
kata-kata	quote	verb			
katak	frog	noun	animals		
kau	you (informal)	noun	social		
kawan	friend	noun	social		
kawat	net	noun			
kaya	rich	adjective	shopping		
ke	to	preposition			
keadaan	situation, condition	noun			
kebakaran	on fire	adjective	emergency		
keberapa	which number?	adverb			
kebetulan	what a conincidence!	expression			
kebun	flower garden, vegetable garden	noun	home		
kecap	soy sauce	noun	food		
kecil	small	adjective			
kedang	extension	noun			
kedapatan	to be found out, discovered	adjective			
kedinginan	too cold	adjective			
keduanya	both	adjective			
keinginan	wish, desire	verb			
kejar	chase	verb			
keju	cheese	noun	food		
kekeringan	drought	noun	weather		
kelelawar	bat	noun	animals		
kelihatan	looks	noun			
keluarja	family	noun	family		
keluarkan	remove	verb			
kemarin	yesterday	noun	time		
kembali	refund	noun	money	Uang tidak kembali	
kembalian	change (money)	verb	money		
kembang	flowers	noun	plants		
kemping	camping	verb	travel		
kemudian	then/ subsequently	conjunction			
kemunkinan	possibility	noun			
kenal	know	verb	social	Saya kenal kamu	Only for a perpson
kenalan	acquaintance	noun	social		
kenalkan	an introduction	noun	social		
kenapa	why	adverb			
kendaraan	vehicle	noun	travel		
kentang	potato	noun	food		
kepada	to	conjunction			To a person only
kepala	head	noun	body		
kepanasan	too hot	adjective			
keputusan	descision	noun			
keputusanyna	the decision	noun	social		
keras	hard	adjective			
kerbanyakan	most	adjective			
kerena	because	conjunction	grammar		
kereta api	train	noun	travel		
kering	dry weather	noun	weather		
keringat	sweat	noun	weather		
kerja	work	verb	business		
kertamu	paper	noun	business		
kesakitan	in pain	noun	health		
kesalahan	error	noun	jacl		
kesukaan	favourite	adjective			
keterang	describe	verb			
keterangan	information	noun			
ketidakadilan	injustice	noun	social		
ketik	type	verb	business		
ketika	when (conjunction)				
ketinggalan	left behind		travel		
keuangan	finance	noun	business		
khawatir	worried	adjective	social		
khusus	special	adjective			
kini	now	noun	time		
kira	reckon, think				
kira-kira	approximately/ about.				
kiranya	perhaps	adverb			
kiri	left	adjective	travel		
kirim	deliver, send	verb			
kita	we (all of us here)	pronoun			
kolega	colleague	noun	business		
komel	cute	adjective	social		
kompleks	complex	adjective			
kompor	stove	noun	kitchen		
konco	friend	noun			
koneksi	connection	noun			
konser	consert	noun	music		
kontak	contact	noun			
kontrak	contract	noun	business		
koran	newspaper	noun			
kosong	empty	adjective			
kota	city	noun	travel		
kotor	dirty	adjective			
kuat	strong	adjective			
kuburan	graveyard	noun			
kucing	cat	noun	animals		
kuda	horse	noun	animals		
kuku	nail	noun	body		
kulit	skin	noun	body		
kuma	you youngster	pronoun			
kumis kucing	cat's whikers	noun	animals		
kumpul	gather	verb	social		
kuning	yellow	adjective			
kunjung	visit	verb	travel		
kura-kura	tortoise	noun	animals		
kurang	not enough, less, minus	adjective			
kurang-lebih	estimate	noun			
kursi	chair	noun	house		
kursi panas	important place, hot seat	noun	business		
kutub	pole	noun	travel		
lacar	flow	noun			
lada	pepper	noun	food		
lagi	in the process of and again	grammar	grammar		
lagu	song	noun	music		
lain	other	adjective		Lain kali	
laki-laki	male	adjective	family		
lakukan	do	verb		Janang lakukan itu	
lalu	then, previous	conjunction	grammar		
lalu-lintus	traffic (then cross)		travel		
lama	long (time)	adjective	time		
lama-lama	in a long time				
lambang	symbol	noun			
lampar	throw	verb			
lampar saja	just throw it	verb	grammar		
lampu	light	adjective	time		
langit	sky	noun	nature		
langit-langit	ceiling	noun	home		
langsung	right away				
lanjut	continue, carry on	verb			
lanpang	spacious	adjective			
lanpangan	field, court	noun	sport		
lantai	floor	noun	home	turun ke lantai bawah	
lap	cloth, wipe	noun			
lapangan	field	noun	nature		
lapar	hungry	adjective	food		
laporan	report	noun	business		
lari	run	verb			
laut	sea	noun	travel		
lawan	against	preposition			
layanan	service	verb			
layangan	kite	noun	leisure		
layu	stale	adjective	food		
lebar	wide	adjective			
lebih	more	adjective			
lebih baik	better (more good)	adjective			
lebih banyak	more (quantity)	noun			
lebih suka	prefer	verb			
leher	neck	noun	body		
lelah	physcially tired	adjective	health		
lem	glue	noun			
lemari	wardrobe	noun			
lembab	moist/ humid/ damp	adjective	weather		
lembah	valley	noun	nature		
lembut	tenderly, softly	adjective	food		
lempar	throw	noun	jacl		
lengan	arm	noun	body		
lengkap	complete	adjective			
lepas	free	adjective	jacl	lepas sepatunya	
lepaskan	let go, release	verb			
lesu	sluggish	adjective			
lewat	through, past	preposition	travel		
liar	wild	adjective	animal		
libur	holiday	noun	travel		
liburan	holidays	noun	travel		
lidah	tongue	noun	body		
lima	five	noun	numbers		
lingkungan	environment	noun	nature		
listrik	electricity	noun	technology		
lobak	radish	noun	food		
logis	logic, sensibile	noun		Logis sedikitlah	
lombah	race	noun	sport		
longsor	landslide		emergency		
losmen	guesthouse	noun	travel		Not common anymore.
luang	spare time	noun	social		
luar	outside	noun	house		
lucu	funny	adjective	social		
luhur	noble	adjective			
lukisan	painting	noun	arts		
lumba-lumba	dolphin	noun	animals		
lumpuh	paralised	adjective			
lupa	forget	verb	social		
lurus	straight ahead	noun	travel		
lusa	day after tomorrow, two days time	noun	time		
lutut	knees	noun	body		
maafkan	sorry for, excuse	verb	social	Maafkan gaun riasku	
macet	traffic jam	noun	travel		
mahal	expensive	adjective	shopping		
mainan	toy	noun			
maju	advanced, advance	adjective, verb			
makam	graveyard	noun			
makan	eat	verb	food		
makanya	therefore	conjunction			
maksudnya	the meaning	noun	social	Apa maksudnya	
malam	night	noun	time		
malas	lazy	adjective	social		
malu	shy	adjective	social		
malu-malu	very shy	adjective	social		
mampet	blocked	adjective	travel		
mana	where	adverb	social		
mana-mana	anywhere	adverb	social		
mancing	fishing	verb	activities		
mandi	bathe, shower, wash	verb	social		
mandiri	independent	adjective	social		
mangkuk	bowl	noun	kitchen		
manis	sweet	adjective	food		
mantan	ex-	adjective		Dia mantan pesident	
marah	angry	adjective	social	Pelanggan yang marah	
mari	let's	interjection	social		
mari bersulang	toast! cheers!	interjection	social		
mas	brother (from another mother)	noun	social		
masak	cooking	verb	food		
masalah	problem	noun			
masih	still	adverb	grammar		
masing masing	each	adjective			
masuk	enter	verb	travel		
mata	eye	noun	body		
mata kaki	anklebone	noun	body		
mata-mata	spy	noun	business		
matang	ripe, ready to harvest	adjective	food		
mati	dead	adjective	health		
matikan	turn off	verb			
mawar	rose	noun	plants		
mbok	sister (balanese)	noun	social		
mecoba	try	verb			
meja	table	noun	house		
melahirkan	give birth to	verb			
melakukan	do	verb			
melampari	throw often	verb			
melatih	train	verb			
meledak	explode	verb	emergency		
melemparkan	throw	verb	jacl		
meler	runny	adjective	health	Saya punya hidung meler	
meletus	errupt	verb	nature		
melukis	painting	verb	arts		
memakan	eat but more for animals	verb	animals		
memanggil	call	verb	social		
memangsa	eat	verb			For animals
memantao	monitoring	verb			
memataikan	turn off	verb			
membaca	read	verb			
membakar	burn	verb			
membandingkan	compare	verb			
membantah	disobey	verb			
membantu	helpful	verb	social		
membawa	bring	verb			
membeli	buy, purchase	verb	shopping	(None)	(None)
memberi	give, provide	verb	jacl		
membersihkan	clean, cleaning	verb			
membesarbesarkan	hyperbole, exagerate	verb			
membuahkan	product	verb			
memegang	hold	verb			
memeriksa	inspect	verb			
memijat	massage	verb	massage		
memilih	choose	verb			
memiliki	own, have	verb			
memimpin	lead	verb	business		
meminta	request	verb	shopping		
memolong	help	verb	emergency		
mempelajari	study, investigate	verb	business		
memperbaiki	repair	verb	emergency	Memperbaiki hidup saya	Not for people, things and abstract concepts.
memperkenalkan	introduce	verb	social	Saya mau memperkenalkan kamu ke seseoroang kepan-kepan	
memperpanjang	lengthen, renew	verb		Saya mau memperpanjang sewa saya	For time, to extend a lease etc.
memulai	start	verb			(None)
menakutkan	scary	adjective			
menaman	planting	verb			
menanam	to plant	verb			
menangis	cry	verb	social		
menantang	challenge	noun			
menapa	why	adverb			
menarik	pull, interesting	verb, adjective	verb		
menariknya	pulls him	verb			
mencapai	reach, achieve	verb		(None)	(None)
mencari	search	verb			
menciptakan	create	verb			
mencium	smells	verb			
mencuci	washing	verb	business		
mencuri	steal	verb			
mendaki	hiking	verb			
mendapat	get	verb			
mendapatkan	get, obtain, receive	verb			
mendekat	approach	verb			
mendengar	listen	verb	social		
mendung	overcast	adjective	weather		
menelephon	telephone	verb	social		
menelepon	phone	verb	social		
menemani	accompanies	verb	social		
menerima	receive	verb			
meneruskan	continue, go ahead	verb	social		
menetas	hatch	verb			
menetes	dip	verb		Air mata mentetes	For water, tear
mengajar	teach	verb			
mengantuk	sleepy				
mengapa	why? (more formal)				
mengapus	erase, delete	verb			
mengatur	arrange	verb			
mengecat	paint	verb			
mengenang	remember	verb			
mengepel	mop	noun	home		
mengerti	understand				Ngerti is common, the me gets dropped in casual talk for many meng verbs.
menggambar	drawing	verb			
mengganggu	bother, annoy	verb	social	Dia mengganggu saya 	
menggigit	bite	verb			
menghadap	faces	verb			
menghadapi	is facing	verb			
menghidup	alive	adjective	social		
menghormati	respect, appreciate	verb		Hormati orang yang lebih tua	
menginap	stay the night	verb	travel		
mengingatkan	reminds			Itu mengingatkan saya	
mengirim	giving, sending, delivering	verb			
mengirimkan	giving, sending, delivering	verb			
mengiris	slice	verb	food		
mengobati	treat	verb	health		
mengosok	brush, scrub	verb			
menguap	evironment	verb			
mengubah	change	verb			
menikah	marry	verb	social		
menikmati	enjoy	verb	social		
meningal	died		health		
menit	minute		time		
menjadi	becomes, to be				
menjaga	protect, guard	verb			
menjalar	teach				
menolong	help, assist	verb	social		
menonton	watching	verb		Saya suka menonton televisi	
menuju	heading, travelling	verb	travel	Kami berjalan bersama menuju sekolah.	
menukar	exchange, swap	verb			
menulis	write	verb			
menulisnya	write it	verb	activities		
menunggu	wait	verb	jacl		
menurut	opinion	noun		Menurutmu bagaimana	
menyalakan	turn on	verb			
menyapu	sweep	verb			
menyenangkan	fun, pleasant	adjective	social	Semoga harimu menyenangkan	
menyentuh	touch	verb			
menyikat	brushing	verb			
menyimpan	storing	verb			
menyopir	driving	verb	travel		
merah	red	adjective	colours		
merasa	feel	verb			
merawat	take care of	verb			
merebus	boils	verb	food		
merica	pepper	noun	food		
merintih	moaning (in pain)	verb	health		
merokok	smoke	verb	social		
merubah	change	verb			
merupakan	is, constitute	verb			
merusak	damages	verb	jacl		
mesin	engine	noun	travel		
mewarnai	colouring in. (give colour)	verb			
milik	possesion	noun			
mimpi	sleep dream	noun	social		
minggu	sunday	noun	time		
minta	ask for	verb	shopping		
minyak	oil	noun	food		
mirip	resembles, looks like	verb			
misalnya	example	noun			
miskin	poor	adjective	shopping		
mohon	please	verb	social		
muda	young	adjective	social	(None)	
mudah	red	adjective	colours		
mulai	start	verb			
mulut	mouth	noun	body		
muncul	appear				
mundur	backward	verb			
mungkin	may/ maybe/ possible				
murah	cheap				
murid	student	noun			
musim	season	noun	weather		
mutik	carving knife	noun	food		
nafas	breath				
naga	dragon	noun	animals		
naik	go up, ride	verb	travel		
nakal	naughty	adjective	social		
namun	however/ yet	conjunction	grammar		
nanti	later	noun	time		
nari	dance	verb	social		
nasib	luck, fortune	noun	social	Nasib saya sangang beruntung	
nasihat	advise, tells	verb			
negara	country	noun	travel	Saya pergi negara lain	
nelayan	fisherman	noun	boating		
nggak, gak	no				casual and common
nih	here	noun			
nomor	number	noun			
nonton	watch (a movie)	verb			
nuno	nanik's dog	proper noun			
nusa	homeland	noun	travel		
nyamuk	mosquito	noun	animals		
nyata	real, realistic	adjective			
nyebrang	crossing	verb	travel		
nyegarkan	refresh	verb			
nyeker	bare feet	noun	body		
obat	medicine	noun	health		
olahraga	sport, athletics	noun	sport		
oli	motor oil	noun	travel		
omong-omong	by the way	conjunction			
orang	person	noun			
otak	brain	noun	body		
otot	muscle	noun	body		
oven	oven	noun	home		
pacar	boyfriend, girlfriend	noun	social		
pada	on, in, at	preposition	grammar		
padat	conjested, dense	adjective	travel	lalu lintusnya padat	
pagar	fence	noun	home		
pagi	morning	noun	time		
paha	thigh	noun	body		
paham	understand	verb			
pahit	bitter	adjective	food		
pak	father	noun	family		
pakai	wear/ use	verb			
pakaian	clothes	noun	clothing		
pakan	feed	verb	animals		For animals
paku	nails	noun	body		
paling	most/ extreme/ very last	adjective			
paling mahal	the most expensive	adjective	shopping		
paman	uncle	noun	family		
pamit	farewell	verb			
panas	hot	adjective	weather		
panci	pot, pan	noun	kitchen		
pandai	clever	adjective			
panggil	call	verb	social	Panggil saya!	
panjang	long	adjective			
pantai	beach	noun	nature		
panti asuhan	orphanage	noun			
panti jompo	nursing house	noun			
papan	board, plank	noun			
parah	critical, very bad	adjective			
paruh	beak	noun	animals		
pas	just right	adjective			
pasang	put, install	verb	jacl	pasang kemeja	
paskah	Easter	noun			
pasti	certain/ surely	adjective			
patuh	obey	verb			
patuhilah	obey	imperitive			
patung	statue	noun			
pawai	parade	noun	social		
payang	umbrella	noun	weather		
pedagang	trader	noun	work		
pedahal	meanwhile	conjunction	grammar		
pedas	spicy, hot	adjective	food		
pegawai	employee	noun	business		
pegulat	wrestler	noun	sport		
pekan	week	noun	time		
pekerjaan	job	noun			
pekir	think	verb	business		
pelabuhan	harbour	noun	travel		
pelarajan	lesson	noun	study		
pelatihan	excercise, practice	noun	study		
pelayan	servant	noun	business		
pelayan makanan	waiter	noun	business		
pelayan toko	shop keeper	noun	business		
pelayanan	service	noun	shopping		
pemakaman	funeral	noun	social		
pemasukan	income	noun	business		
pembalap	racer	noun	sport		
pembeli	buyer	noun	business		
pembelian	a purchase	noun	shopping		
pembicara	speaker	noun	social		
pembukaan	opening, unveiling	noun			
pemilihan	election	noun			
pemilik	owner	noun			
pemimpin	leader	noun			
penari	dancer	noun	arts		
pencuri	thief	noun			
pendapat	opinion	noun			
pendapatan	income	noun	business		
pendek	short (time and distance)	adjective			
pendidikan	education	noun	study		
pendirian	faith in myself, confidence	verb	social		
peneliti	researcher	noun	business		
pengacara	lawyer	noun	business		
pengadilan	law court	noun			
pengasuh	babysitter	noun			
penggambar	drawer	noun			
pengganti	replacement	noun			
penghasilan	income	noun	money		
penginapan	inn	noun	travel		Not hotel, like Gustos place
penjahit	sewer	noun	work		
penjual	seller	noun	business		
penjudi	gambler	noun			
pentas	stage	noun	music		
penting	important	adjective			
penuh	full	adjective	travel		
penulisan	spelling	adjective			
penyanyi	singer	noun	music		
penyerangan	attack	noun			
perahu	boat	noun	boating		
peralatan	equipment	noun			
perang	war	noun			
perasaan	feeling	noun			
perawat	carer, nurse	noun			
perbaba	different	adjective			
perbandingan	difference	noun			
perbatasan	border	noun	travel		
perbedaan	difference	noun			
perbuatan	behaviour	noun	social	Perbuatan suami dia sangat buruk	
percakapan	conversation, dialogue	noun			
percayai	trust	verb		Saya percayai kamu	Pronounced per-chai-i-ee
perduli	care				
perempatan	four way junction	noun	travel		
perempuan	female	adjective	social		
pergang	hold	verb			
pergantian	replacement	noun			
pergelangan kaki	ankle	noun	body		
pergelangan tengang	wrist	noun	body		
pergi	go	verb	travel		
perjabat	offical	noun	government		
perjalanan	trip/ journey	noun	travel		
perkembangan	progress, development	noun			
perkerja	worker	noun			
perkerjaan	working	verb	activities		
perlawanan	resistance	noun			
perlombaan	competition	noun			
perlu	need	noun			
perlukis	painter	noun	business		
permainan	game	noun	jacl		
permanas	heater	noun	home		
permen	candy	noun	food		
pernah	once, ever	adverb		Tidak pernah	
pernari	dancer	noun	social		
perpustakaan	library	noun			
persahabatan	friendship	noun	social		
persimpangan	junction	noun	travel		
pertahanan	defenence	noun			
pertandingan	match, competition, game	noun	sport		
pertanyaan	question	noun			
pertarungan	fight	noun			
pertigaan	three way junction.	noun	travel		
pertinju	boxer	noun	sport		
pertunjukan	performance	noun			
perubahan	change	noun			
perut	stomach	noun	body		
pesan	message	noun	social		
pesawat	plane	noun	travel		
petang	late afternoon	noun	time		
petani	farmer, gardener	noun	business		
petarung	fighter	noun			
pijat	massage	noun	massage		
pikir	think	noun			
pikiran	mind	noun			
pilihan	choice	noun			
pimpinan	boss, team leader	noun	business		
pindah / geser	move a bit	verb			
pinggir	edge	noun			
pinjam	borrow	verb			
pintar	smart, clever	adjective			
pintu	door	noun	home		
pintu geser	sliding door	noun	home		
pipi	cheek	noun	body		
pisah	separate	adjective			
pisang	banana	noun	food		
pisau	knife	noun	kitchen		
pohon	tree	noun	plants		
polisi	police	noun	business		
ponontong	viewer / audience	noun			
porsi	portion	noun			
pos	postal	adjective			
posisi	position, rank	noun	business		
potong	cut	verb			
prajurit	soldier	noun	business		
prankiraan cuaca	weather forecast	noun	weather		
pria	man	noun	family		
produk	product	noun	business		
profesi	profession	noun	business		
pukul	punch	verb			
pukul	o'clock	noun	time		
pula	also	adverb			
pulau	island	noun	nature		
pulpen	fountain pen	noun			
pun	even, also	adverb			
puncak	peak, summit	noun	nature		
punggung	back	noun	body		
punya	have	verb			
pura	temple	noun	religion		
pura-pura	pretend				
purna	full	adjective			
pusaka	heirloom	noun			
pusat	centre	adjective			
putar	turn	verb			
putaran	round, revolution	noun			
putih	white	adjective	colours		
putri	daughter	noun	family		
puturan	round, cycle	noun			
putus	separated/ broken (like a piece of string)	adjective			
putus-putus	breaking up (bad phone connection)	verb			
putuskan	decided	adjective			
rabu	wednesday	noun	time		
ragu	uncertain	adjective			
rajin	diligent	adjective			
ramah	friendly	adjective	social		
ramai	noisy	adjective			Pronounced ramee
rambut	hair	noun	body		
rancananya	the plan	noun	business		
ransel	backpack	noun	camping		
rapat	meeting	noun	business		
rasa	flavour	noun	food		
ratus	one hundred	adjective	numbers		
rawa	swamp	noun	nature		
rebus	boiled	adjective	food		
recanakan	plan	noun	business		
reda	subside/ blow over	verb			
rekan	colleague	noun	business		
rembulan	moon	noun			
rencana	plan	noun	business		
renyah	crunchy	adjective	food		
resah	worried	adjective	social		
resmi	formal / official	adjective	business		
ribu	one thousand	adjective	number		
ringan	light (not heavy)	adjective			
rok	skirt	noun	clothing		
ruang	room	noun	home		
ruang keluarga	family room	noun	home		
ruangan	room	noun	home		(None)
rubanya	apparently				
rujak	fruit salad	noun	food		
rumit	complicated	adjective			
rumput	grass	noun	nature		
rupanya	apparently	conjunction			
saat	when, at that moment	noun	time	saat itu	in the past
sabtu	saturday	noun	time		
sabun	soap	noun	bathroom		
sagara	sea (balanese)	noun			
sahabat	friend	noun	social		
saja	just	adverb			
saju	snow	noun	nature		
sakit	painful, sick	adjective	health		
sakti	magic, sacred	adjective			
salah	wrong	adjective			
salalu	always	adverb			
sama	same				
sambal	chilli sauce	noun	food		
sampah	rubbish/ trash	noun			
sampai	until/ arrive				
sampai besok	until tomorrow!				
sampai nanti	see you later				
sampo	shampoo	noun	bathroom		
sana	there out of sight				
sana-sana	go away	verb			
sangat	very	adjective		sangat bagus	
sapu	broom	noun	home		
sapu ijuk	palm family (softer for indoor)				
sapu lidi	broom made from cocunut bone.				
sarang	attack	verb			
sarapan	breakfast	noun	food		
satu	one	noun	numbers		
satu bungkus	one packet	noun			
satu kali	one time				
satu lagi	one more				
satwa	animals	noun	animals		
saudara	brother	noun	family		
saudari	sister	noun	family		
sawah	rice field	noun			
saya	I, me	noun	social		
sayang	darling, dear	noun	social		
sayur	vegetables	noun	food		
sebab	cause	noun			
sebagai	as			Kamu sebagai apa?	
sebaiknya	should	adverb	social		
sebaliknya	conversely	conjunction	grammar		
sebelah	adjacent	preposition			
sebelum	before	adjective	time		
sebenarnya	actually	adverb			
sebentar	a moment/ not for long time.	nount	time		
sebut	say	verb	jacl		
secara	in a way	preposition			
sedadung	going	adjective			
sedang	currently	adjective	time		
sedankan	meanwhile	conjunction			
sederhana	simple	adjective			
sedia	ready	adjective	massage		
sedih	sad	adjective	social		
segala	all, everything	adjective			
segar	fresh	adjective			
segera	quickly, soon	adverb			
seharihari	daily	adverb			
seharusnya	should	adverb	social		
sehat	well, healthy	adjective	health		
sehingga	so that/ so as	conjunction	grammar		
sehurusnya	should/ supposed to	conjunction	grammar		
sejuk	cool	adjective			
sekali	very or one time	adjective			
sekali lagi	once again (say again)	verb			
sekarang	now	noun			
sekitar	around	preposition			
sekolah	school	noun	study		
selai	jam	noun	food		
selain	besides, except	preposition	grammar		
selalu	always/ all the time	adverb			
selama	during, as long as	preposition			
selamanya	forever	adverb			
selancar	surfing	verb	activities		
selasa	tuesday	noun	time		
selatan	south	noun	travel		
seledri	celeri	noun	food		
selesai	finished, completed	adjective			
seluruh	all over/ everywhere				
semangat	spirit	noun			
sembarangan	hapzarardly, carelessly	adjective			
sembuh	healed, recovered	verb	health		
sementara	temporary	adjective			
semi	spring (not cold nice)				
semoga	hope, hopefully, ish	adverb		Semoga selamat di jalan	
sempurna	perfect	adjective			
semua	all	adjective			
semuanya	all, everything	pronoun	jacl		
senang	happy, glad	adjective	social		
sendiri	alone	adjective	social		
sendok	spoon	noun	kitchen		
senin	monday	noun	time		
sentuh	touch	verb		Jangan sentuh sepeda motorku	
senyum	smile	noun	social		
seorang	a person	noun			
separuh	half	noun			
sepatu	shoe	noun	clothing		
seperdua	half	noun	numbers		
seperempat	quarter	noun	numbers		
seperti	example, resembles	verb			
seperti apa	such as	conjunction			
sepi	quiet	adjective			
sepiring	one plate	noun	food		
seporsi	one portion	noun	food		
seprai	bed sheets	noun	home		
serang	attack	verb	jacl		
serangan	attack	noun	social		
sering	often	adverb	time		
seringai	grin	noun	social		
serok	rake	verb			
serta	as well as	conjunction			
sesaui	match/ in accordance/ co-ordinates	adjective			
seseorang	someone	adverb			
sesua	whatever	pronoun	nanik		
sesuai	appropriate, suitable	adjective			
sesuatu	something, anything, any	pronoun			
sesudah	after	conjunction			
setelah	after	conjuncion			
setengah	half	adjective	numbers		
setiap	each, every	adjective			
setidaknya	unless	conjunction			
setrika	ironing	verb	business		
setuju	agree	verb			
sewa	rent	noun	travel		
sial	bugger (damn it)	verb	social		
siang	noon	noun	time		
siap	ready	adjective			
siapa	who	pronoun			
sibuk	busy	adjective	business		
sikat	brush	noun			
siku-siku	90 degress.	noun			
silikan	go ahead/ be my guest/ help yourself	verb	social	silikan masuk	
simpan	put, save, set	verb			
simpang	intersection	noun	travel		
sini	here	noun	travel		
sinyalnya	the signal	noun			
sip!	Okay, done deal!	interjection	shopping		
siram	water	verb			
sisa	remainder	noun			
sisat	characteristics	adjective			
situ	there	preposition			there in sight
sopan	polite	adjective			
sopir	driver	noun	business		
sore	afternoon	noun	time		Pronounced soreh
spageti	spaghetti	noun	food		
stabil	stable	adjective			
stok	supply, stock	noun			
suami	husband	noun	family		
suara	noise, voice	noun			
suasana	atmosphere	noun	social		
suasana hati	mood, state of mind	noun			
sudah	already	adverb			
sudahla	never mind				
suhu	temperature	noun	weather		
sukar	difficult	adjective			
sulit	difficult	adjective			
sungai	river	noun	nature		
supaya	cause	conjunction	grammar		
surat	letter	noun	social		
suruh	tell me, ask	verb			
surup	dropping	verb			
susah	difficult	adjective			
susu	milk				
syukurlah	thank god! (shuherla)				
tadi	just before/ earlier	adverb	time		
tahan	stand	verb			
tahu	know	verb			Don't pronounce the 'h'
tahu	tofu	noun	food		Pronounce the 'h'
tahun	year	noun	time		
tajam	sharp	adjective			
tak	not	adverb			
takdir	destiny, purpose	noun		Sudah takdir	
taktik	tactik	noun	sport		
takut	scared, afraid	adjective			
tali	plastic	adjective			
talinya	rope	noun			
taman	park		nature		
tambah	more/ plus/ becoming	verb			
tambahan	addition	adjective		Kopi ini menjadi manis dengan tambahan gula	
tambakan	add	verb			
tampan	handsome	adjective	social		
tampat duduk	chair	noun	home		
tamu	guest				
tanam	to plant (tunam)				
tanaman	plant				
tanda	sign	noun			
tanda-tanda	sign, signal, warning	noun			
tanding	match	noun	sport	Siapa yang tanging	
tanding ulang	rematch	noun	sport		
tangan	hand				
tangga	stairs	noun	home		
tanggal	date	noun		Tanggal berapa hari in	
tangkap	catch				
tanpa	without	conjunction	grammar		
tanta/ bibi/ bi	aunty				
tanya	ask	verb	social		
tapi	but				
taplak	table cloth				
tarik	take/ pull				
taring	fangs		animals		
taruh	put / keep				
tarung	fight	verb			
tawa	laughter	noun	social		
tawar	bland/ to bargin				
tearsi	shrimp past				
tekanan	pressure	noun			
telah	has				
telapak	palm or sole	noun	body		
telat	late	adjective	time		
televisi	television	noun	home		
telinga	ears	noun	body		
telur	egg	noun	food		
teman	friend		social		
teman kerja	colleague		business		
tembak	shoot	verb			
tembok	wall	noun	house		
tempat	place	noun			
tempat duduk	chair (place for sitting)				
temu	meeting	noun	social		
tenang	calm, tranquil, restful	adjective			
tengah	middle				
tengah-tengah	middle, misdt				
tengang	hand		body		
tenggara	southeast	noun	travel		
tenggorokan	throat	noun	body		
tentang	about	preposition			
tentu	certain	adjective			
tepat	appropriate	adjective			
terahkir	very last				
terang	bright, clear	adjective			
terbaik	best	adjective			
terbakar	burnt yourself	your skin			
terbang	flying	verb	travel		
terbatas	limited	adjective			
terbeli	for sale	adjective	shopping		
terbiasa	used to it/ become normal.				
tercapai	achived	adjective			
terdapat	available, there is, occur	adjective			
tergantung	depends				
tergendut	fattest of the fat people	adjective	body		
terhadap	towards	preposition			
terima	accept, receive	verb		Terima kasih	
terjadi	happen/ occur				
terjual	sold	adjective	shopping		
terkenal	famous	adjective			
terkirim	sent/ delivered	verb			
terlalu	too/ overly	adjective			
terlalu cepat	too soon	too fast.			
terlalu mahal	too expensive				
terlambat	late	adjective			
terputus	breaking up				
tersebut	mentioned	verb			
tersedia	available	adjective			
tersembunyi	hidden				
terserah	up to you				
terserahlah	up to you				
tersunum	smiling	adjective	social		
tertarik	pull	verb			
tertarik	interested	adjective	social	Saya tertarik degan burung	
tertawa	laugh	verb	social		
terung	eggplant	noun	food		
terus	straight ahead, keep going	verb	travel		
teruskan	continue	verb			
terutama	mainly	adjective			
tetangga	neighbour	noun	social		
tetap	still	adverb			
tetap diam	stay still, stationary	adverb			
tetapi	but	conjunction	grammar		
tiba	arrive	verb	travel		
tiba-tiba	suddenly	adverb			
tidak ada	none				
tidak apa-apa	nothing				
tidak makasih	no thank you.				
tidak terlalu	so so	up and down			
tidur	sleep/ nap	verb			
tiga	three	noun	numbers		
timur	east	noun	travel		
timur laut	northeast	noun	travel		
tinggal	stay, live	verb	social		
tinju	boxing	verb	sport		
tipe	type	noun			
tipu	trick	verb	social		
tirai	curtain	noun	home		
titik	spot, period!	noun			
titup	closed	adjective			
tolong	help	verb			
tomat	tomato	noun	food		
transmisi	transmission	noun	travel		
trek	truck	noun	travel		
trotoar	sidewalk	noun	travel		
tua	old	adjective	social		
tuan	sir	noun	business		
tubuh	body	noun	body		
tudi	loss, lose money on a deal	verb			
tugus	task	noun			
tuhun	year	noun	time		
tujuan	objective, purpose, goal	noun	business		
tujuh	seven	noun	numbers		
tukang	handyman	noun	business		
tukar	swap, change	verb			
tulang	bones	noun	body		
tumben	suprise				
tumbuh	growing	adjective			
tumbuhan	big plant (like a tree)	noun	nature		
tumpul	blunt	adjective			
tunangan	fiance	noun	social		
tunggu	wait	verb	massage	tunggu sebentar	
tunjuk	show	verb			
turun	down, descend	verb	travel		
uang	money	noun	business		
udang	prawn	noun	animals		
udara	air	noun	nature		
udeng	head band	noun	religion		
ulang	repeat	verb			
ular	snake	noun	animals		
umum	common, general	adjective			
umur	age	noun			
undang	invite	verb	social		
untuk	for (the purpose of)	conjunction			
untung	profit	noun	business		
untungnya	fortunately	adjective			
urutan	order, sequence, position	noun			
urutkan	unjumble	verb			
usah	need	verb	social	Tidak usah!	
usap	wipe	verb			
usia	age	noun	social		
utara	north	noun	travel		
vokal	vowel	noun			
wajah	face	noun	body		
wajan	pan	noun	kitchen		
waktu	time/ when	noun	time		
waktulah	take your time	verb	time		
waktunya bernyanyi	time to sing				
wanita	woman	noun	social		
wartawan	reporter	noun	business		
wortel	carrot	noun	food		
yaitu	specifically/ namely	conjunction	grammar	Used for emphasis	
yang	that (which)				
